playlist_name,playlist_id,playlist_publish_date,playlist_n_videos,channel_id,channel_name,collection_date
Best Of Decade,PLlVlyGVtvuVlk57RKBI3Uqd2Z8SKa1aHN,2019-12-29 02:34:35.000000,7,UCWJ2lWNubArHWmf3FIHbfcQ,NBA,2019-12-29 16:07:31.567609
50+ Point Games | 2019-20 NBA Season,PLlVlyGVtvuVkUdfHMTWaZhKq05y8Gx5fF,2019-12-04 06:11:21.000000,9,UCWJ2lWNubArHWmf3FIHbfcQ,NBA,2019-12-29 16:07:31.567699
NBA Duels | 2019-20 Season,PLlVlyGVtvuVlny8rODWAAppWq_Ja1rmvF,2019-11-24 00:52:10.000000,12,UCWJ2lWNubArHWmf3FIHbfcQ,NBA,2019-12-29 16:07:31.567758
Highlight Moments From Around The Association - 2019-20 Season,PLlVlyGVtvuVkbuNja8tq8slwQNsxogeYx,2019-11-21 07:26:01.000000,59,UCWJ2lWNubArHWmf3FIHbfcQ,NBA,2019-12-29 16:07:31.567809
Best Of NBA Players - 2019-20 Season,PLlVlyGVtvuVnkcvDobEKB2zvdkLj_eVyF,2019-11-21 07:18:48.000000,14,UCWJ2lWNubArHWmf3FIHbfcQ,NBA,2019-12-29 16:07:31.567857
Every Angle: Best Plays Around The Association,PLlVlyGVtvuVnbYFbZSuMTTFdHnbLxW-T_,2019-11-16 03:07:42.000000,16,UCWJ2lWNubArHWmf3FIHbfcQ,NBA,2019-12-29 16:07:31.567905
Nightly Full Game Highlights - 2019-20 Season,PLlVlyGVtvuVlZhRJYJHR3haOPJCrZeyUB,2019-11-13 16:16:31.000000,552,UCWJ2lWNubArHWmf3FIHbfcQ,NBA,2019-12-29 16:07:31.567951
NBA's Fantastic Finishes - 2019-20 Season,PLlVlyGVtvuVn_NvKhowqiQYoWuojtB-PD,2019-10-26 03:41:16.000000,14,UCWJ2lWNubArHWmf3FIHbfcQ,NBA,2019-12-29 16:07:31.567997
NBA's Top Performances - 2019-20 Season,PLlVlyGVtvuVnCIDze_138_AX64G_MUcAi,2019-10-24 06:17:58.000000,72,UCWJ2lWNubArHWmf3FIHbfcQ,NBA,2019-12-29 16:07:31.568042
NBA's Top Plays of the Night - 2019-20 Season,PLlVlyGVtvuVniekgwI1mQ2zPUpo1Z4qWk,2019-10-23 03:30:52.000000,83,UCWJ2lWNubArHWmf3FIHbfcQ,NBA,2019-12-29 16:07:31.568098
Top Full Game Highlights - 2019-20 Season,PLlVlyGVtvuVlr5GAksVQA37IE83MzRqln,2019-10-18 05:10:40.000000,559,UCWJ2lWNubArHWmf3FIHbfcQ,NBA,2019-12-29 16:07:31.568146
Best of 2019 NBA Preseason,PLlVlyGVtvuVk-DA02FP1YhFKj9h_vZ43K,2019-10-18 04:51:06.000000,33,UCWJ2lWNubArHWmf3FIHbfcQ,NBA,2019-12-29 16:07:31.568191
Best of Teams 2018-19 Season!,PLlVlyGVtvuVnxQmgEQH2QG-_RWEHEwqg_,2019-08-01 15:34:06.000000,16,UCWJ2lWNubArHWmf3FIHbfcQ,NBA,2019-12-29 16:07:31.568236
Best of 2019 NBA Finals,PLlVlyGVtvuVnu70yF1tnWQ373207auB1o,2019-05-31 22:23:01.000000,40,UCWJ2lWNubArHWmf3FIHbfcQ,NBA,2019-12-29 16:07:31.568282
The Best Plays from the NBA's Best! | 2018-19 Season,PLlVlyGVtvuVm55m5Ysyn522HYEBcyT1gC,2019-04-16 18:22:26.000000,24,UCWJ2lWNubArHWmf3FIHbfcQ,NBA,2019-12-29 16:07:31.568326
Best of the NBA! | 2018-19 Season,PLlVlyGVtvuVkkLaH4FOMMAjBC4j03J42e,2019-04-16 18:19:30.000000,25,UCWJ2lWNubArHWmf3FIHbfcQ,NBA,2019-12-29 16:07:31.568391
Best of 2019 NBA All-Star Weekend!,PLlVlyGVtvuVn0p5PyBYHHTFZF12qgO9WY,2019-02-19 18:49:30.000000,36,UCWJ2lWNubArHWmf3FIHbfcQ,NBA,2019-12-29 16:07:31.568443
Best of 2019 NBA All-Star Reserves,PLlVlyGVtvuVnmNQ8-NzUS0IqwADOMMBGE,2019-02-01 23:13:09.000000,17,UCWJ2lWNubArHWmf3FIHbfcQ,NBA,2019-12-29 16:07:31.568490
Best of 2019 NBA All-Star Starters,PLlVlyGVtvuVmoOenr0GDFJnisaQKnZU0O,2019-01-25 07:18:55.000000,10,UCWJ2lWNubArHWmf3FIHbfcQ,NBA,2019-12-29 16:07:31.568535
NBA's Best of 2018!,PLlVlyGVtvuVlWYU3vbaVOFBmLJ5nbhulJ,2019-01-02 19:54:46.000000,7,UCWJ2lWNubArHWmf3FIHbfcQ,NBA,2019-12-29 16:07:31.568579
NBA's Nightly Full Game Recaps 2018-19,PLlVlyGVtvuVkPjVoVoDG0sxbF0PYVvuTS,2019-01-02 19:37:17.000000,828,UCWJ2lWNubArHWmf3FIHbfcQ,NBA,2019-12-29 16:07:31.568623
"NBA's Best Plays, Dunks, Crossovers, + More - December 2018",PLlVlyGVtvuVnrSlQ9i7XCop2tMkpw2eSd,2018-12-06 19:40:15.000000,26,UCWJ2lWNubArHWmf3FIHbfcQ,NBA,2019-12-29 16:07:31.568668
NBA's Best Duels - 2018-19 Season,PLlVlyGVtvuVmpOVkPiF_FiPqNy7GXrqqx,2018-11-06 00:43:32.000000,24,UCWJ2lWNubArHWmf3FIHbfcQ,NBA,2019-12-29 16:07:31.568713
NBA's Fantastic Finishes - 2018-19 Season,PLlVlyGVtvuVmN768cEU8ozhM80iqgIdfr,2018-11-06 00:35:17.000000,34,UCWJ2lWNubArHWmf3FIHbfcQ,NBA,2019-12-29 16:07:31.568758
"NBA's Best Plays, Dunks, Crossovers, + More - November 2018",PLlVlyGVtvuVn3B_HDXUoq9SFVQU5vj_GE,2018-11-05 21:07:52.000000,39,UCWJ2lWNubArHWmf3FIHbfcQ,NBA,2019-12-29 16:07:31.568802
NBA's Top Plays of the Night - 2018-19 Season,PLlVlyGVtvuVnJ_wdbrb_PUKtndQqzU4me,2018-11-05 20:58:54.000000,256,UCWJ2lWNubArHWmf3FIHbfcQ,NBA,2019-12-29 16:07:31.568847
"NBA's Best Plays, Dunks, Crossovers, + More - October 2018",PLlVlyGVtvuVlDTL5HoV91OjHOn9YuiKZS,2018-11-05 20:49:18.000000,21,UCWJ2lWNubArHWmf3FIHbfcQ,NBA,2019-12-29 16:07:31.568892
NBA's Top Performances - 2018-19 Season,PLlVlyGVtvuVkBDG4LX-UFmjhUWX2d0qk2,2018-11-05 19:03:39.000000,218,UCWJ2lWNubArHWmf3FIHbfcQ,NBA,2019-12-29 16:07:31.568936
Nightly Top 5/10 Plays of the 2018-2019 NBA Season,PLlVlyGVtvuVmtiCXOKWbYLgqqY5oT5AY-,2018-10-29 18:54:16.000000,112,UCWJ2lWNubArHWmf3FIHbfcQ,NBA,2019-12-29 16:07:31.568981
Naismith Memorial Basketball Hall of Fame Class of 2018,PLlVlyGVtvuVl-AhQQv0mOlYKdBwbS9tdm,2018-09-07 15:44:03.000000,34,UCWJ2lWNubArHWmf3FIHbfcQ,NBA,2019-12-29 16:07:31.569032
Best of Manu Ginobili's Career,PLlVlyGVtvuVmdqpuSjkvg_QcuMpfylljK,2018-08-27 21:53:11.000000,28,UCWJ2lWNubArHWmf3FIHbfcQ,NBA,2019-12-29 16:07:31.569077
Official NBA Mixtapes 2017-2018,PLlVlyGVtvuVlJ1vFTtFz6dDs3KQIAg7gV,2018-08-14 01:37:20.000000,6,UCWJ2lWNubArHWmf3FIHbfcQ,NBA,2019-12-29 16:07:31.569121
"Top Plays, Dunks and More NBA Highlights!",PLlVlyGVtvuVnUjA4d6gHKCSrLAAm2n1e6,2018-08-13 23:28:36.000000,27,UCWJ2lWNubArHWmf3FIHbfcQ,NBA,2019-12-29 16:07:31.569166
Best of the 2018 NBA Season,PLlVlyGVtvuVnZCT0gfIFzVWvYderPFgIa,2018-07-23 17:19:33.000000,36,UCWJ2lWNubArHWmf3FIHbfcQ,NBA,2019-12-29 16:07:31.569210
Best of Teams From the 2018 NBA Season,PLlVlyGVtvuVkIYrxZ22CiMqFWqIRfU2zR,2018-07-23 17:16:42.000000,29,UCWJ2lWNubArHWmf3FIHbfcQ,NBA,2019-12-29 16:07:31.569255
Best of 2018 NBA Summer League,PLlVlyGVtvuVlZoaEwac50JioXV3PlHcXT,2018-07-06 14:17:35.000000,28,UCWJ2lWNubArHWmf3FIHbfcQ,NBA,2019-12-29 16:07:31.569300
Binge all episodes of Best Shot with YouTube Premium,PLlVlyGVtvuVnYpLKwy4Nz7QgTV69B54By,2018-07-02 22:02:26.000000,8,UCWJ2lWNubArHWmf3FIHbfcQ,NBA,2019-12-29 16:07:31.569345
Best Shot: Bonus Clips,PLlVlyGVtvuVmF6h4RSJ8c9PEYFR7_UIS0,2018-06-26 18:09:27.000000,8,UCWJ2lWNubArHWmf3FIHbfcQ,NBA,2019-12-29 16:07:31.569389
Binge all episodes of Best Shot with YouTube Premium,PLlVlyGVtvuVmKMsfsvR4bQm8KUd71l_ik,2018-06-20 09:53:55.000000,8,UCWJ2lWNubArHWmf3FIHbfcQ,NBA,2019-12-29 16:07:31.569433
Best of 2018 NBA Finals,PLlVlyGVtvuVmxb7FbnKdmly00nUmIDSnF,2018-06-01 22:13:29.000000,32,UCWJ2lWNubArHWmf3FIHbfcQ,NBA,2019-12-29 16:07:31.569477
Best of 2017-2018 Season,PLlVlyGVtvuVlH8UL2lxhTgA8fN8Yhicum,2018-04-14 20:14:01.000000,15,UCWJ2lWNubArHWmf3FIHbfcQ,NBA,2019-12-29 16:07:31.569521
Memorable All-Star Highlights Through The Years,PLlVlyGVtvuVnr9u3qZSsB-aSMnrWfc13N,2018-02-17 23:59:03.000000,29,UCWJ2lWNubArHWmf3FIHbfcQ,NBA,2019-12-29 16:07:31.569565
2018 NBA All-Stars,PLlVlyGVtvuVnf1j_990affiqul-bfEXOU,2018-01-18 23:27:53.000000,26,UCWJ2lWNubArHWmf3FIHbfcQ,NBA,2019-12-29 16:07:31.569615
NBA Top Plays of the Night,PLlVlyGVtvuVkUpgWlBV44heQGeVpxFvU4,2017-11-16 00:31:21.000000,522,UCWJ2lWNubArHWmf3FIHbfcQ,NBA,2019-12-29 16:07:31.569660
NBA Duels,PLlVlyGVtvuVnPxgz7P1pqsxfqaAUY2TH5,2017-11-16 00:21:21.000000,152,UCWJ2lWNubArHWmf3FIHbfcQ,NBA,2019-12-29 16:07:31.569704
Fantastic Finishes of the 2017-18 Season,PLlVlyGVtvuVmWQpwEgpY_Qh9587ePHgjP,2017-11-09 14:38:27.000000,69,UCWJ2lWNubArHWmf3FIHbfcQ,NBA,2019-12-29 16:07:31.569748
Every Dunk of the Night,PLlVlyGVtvuVnT5ExQTMGQ433BcdG7xoRb,2017-11-09 14:20:10.000000,80,UCWJ2lWNubArHWmf3FIHbfcQ,NBA,2019-12-29 16:07:31.569792
Top Performances from the 2017-18 Season,PLlVlyGVtvuVnYOTQ3vogBg0nTerTmhVok,2017-11-05 16:11:22.000000,255,UCWJ2lWNubArHWmf3FIHbfcQ,NBA,2019-12-29 16:07:31.569836
Around The Association,PLlVlyGVtvuVnu6R14uItRBLQLIW2xm5J7,2017-10-24 22:36:00.000000,505,UCWJ2lWNubArHWmf3FIHbfcQ,NBA,2019-12-29 16:07:31.569880
Best of Opening Week: 2017-2018 NBA Season,PLlVlyGVtvuVl_9v3c_crg4vnFU3mEdcl6,2017-10-18 01:41:04.000000,23,UCWJ2lWNubArHWmf3FIHbfcQ,NBA,2019-12-29 16:07:31.569924
Best of 2017 NBA Preseason,PLlVlyGVtvuVnrMFxgx0Vv9WyCjS7fKf8S,2017-10-06 05:27:50.000000,33,UCWJ2lWNubArHWmf3FIHbfcQ,NBA,2019-12-29 16:07:32.628786
Naismith Memorial Basketball Hall of Fame Class of 2017,PLlVlyGVtvuVmjbro8dzWSjz0YSSyv2MYp,2017-09-08 14:39:01.000000,35,UCWJ2lWNubArHWmf3FIHbfcQ,NBA,2019-12-29 16:07:32.628913
NBA AFRICA GAME,PLlVlyGVtvuVla8gjfX39YS9PCXxi-03zz,2017-08-05 01:24:29.000000,33,UCWJ2lWNubArHWmf3FIHbfcQ,NBA,2019-12-29 16:07:32.628981
Team Top Plays | 2016-2017 NBA Season,PLlVlyGVtvuVkOPqYQeArR3aVaJLXeBjqN,2017-08-03 16:06:10.000000,30,UCWJ2lWNubArHWmf3FIHbfcQ,NBA,2019-12-29 16:07:32.629043
Best Of 2016-2017 NBA Season,PLlVlyGVtvuVkAQCYdEgAPsW9EZu6gn00Q,2017-08-03 15:55:19.000000,38,UCWJ2lWNubArHWmf3FIHbfcQ,NBA,2019-12-29 16:07:32.629102
2017 Summer League,PLlVlyGVtvuVmdz6OHrZj7bpOnYyiODrn4,2017-07-07 16:56:52.000000,97,UCWJ2lWNubArHWmf3FIHbfcQ,NBA,2019-12-29 16:07:32.629159
Best Of 2017 NBA Draft,PLlVlyGVtvuVmx0eQUEDg5o88CyuEjYH3N,2017-06-25 15:13:28.000000,5,UCWJ2lWNubArHWmf3FIHbfcQ,NBA,2019-12-29 16:07:32.629215
2017 NBA Draft Live on June 22th @ 7pm on ESPN,PLlVlyGVtvuVktDllTwx2p0jaamVfKjMB5,2017-06-21 17:52:57.000000,10,UCWJ2lWNubArHWmf3FIHbfcQ,NBA,2019-12-29 16:07:32.629272
Best of the 2017 NBA Finals,PLlVlyGVtvuVlvtHVr4PsjhkI-VawHwlAm,2017-05-30 17:41:52.000000,37,UCWJ2lWNubArHWmf3FIHbfcQ,NBA,2019-12-29 16:07:32.629328
NBA Finals Mini Movies Cavs/Warriors,PLlVlyGVtvuVnScn380Yx6JTp_jzroj3B9,2017-05-26 03:31:00.000000,18,UCWJ2lWNubArHWmf3FIHbfcQ,NBA,2019-12-29 16:07:32.629386
Dew NBA 3X â€“ 2017,PLlVlyGVtvuVlFdeY-eQFjQj0OZCNh4FuK,2017-05-18 15:57:38.000000,43,UCWJ2lWNubArHWmf3FIHbfcQ,NBA,2019-12-29 16:07:32.629442
NBA 360,PLlVlyGVtvuVkNhjekVBYt3VHVukwb9eLS,2017-05-02 16:02:43.000000,39,UCWJ2lWNubArHWmf3FIHbfcQ,NBA,2019-12-29 16:07:32.629498
2017 NBA Awards,PLlVlyGVtvuVmksy7EiKU_zH0N1MRx30BD,2017-04-27 21:17:34.000000,20,UCWJ2lWNubArHWmf3FIHbfcQ,NBA,2019-12-29 16:07:32.629553
Best of 2016-2017 NBA Season,PLlVlyGVtvuVmDUjcBdDEFyB5ZD9a41CxE,2017-04-24 16:18:24.000000,16,UCWJ2lWNubArHWmf3FIHbfcQ,NBA,2019-12-29 16:07:32.629608
2018 Best of NBA All-Star Weekend,PLlVlyGVtvuVll4Te_6kO4CsI7dcPJKQLt,2017-02-19 14:22:28.000000,35,UCWJ2lWNubArHWmf3FIHbfcQ,NBA,2019-12-29 16:07:32.629664
NBA Playmakers,PLlVlyGVtvuVlBLtZt-1GdC_0S0rfXTPWA,2017-01-28 15:51:47.000000,263,UCWJ2lWNubArHWmf3FIHbfcQ,NBA,2019-12-29 16:07:32.629720
Tune In to the Clippers vs Warriors on NBA Saturday Primetime @ 830 pm ET on ABC!,PLlVlyGVtvuVmyWBTF56L3QOpVr3YUiIGA,2017-01-27 22:14:44.000000,30,UCWJ2lWNubArHWmf3FIHbfcQ,NBA,2019-12-29 16:07:32.629775
NBA Tissot Buzzer Beaters,PLlVlyGVtvuVnjdjxDHr3wHzM5dTCPmtab,2017-01-26 05:31:04.000000,9,UCWJ2lWNubArHWmf3FIHbfcQ,NBA,2019-12-29 16:07:32.629830
All-Star 2016-2017,PLlVlyGVtvuVk9wmeBEvJpSwekIqdU1btj,2017-01-20 08:36:48.000000,19,UCWJ2lWNubArHWmf3FIHbfcQ,NBA,2019-12-29 16:07:32.629885
2017 NBA Global Games: London,PLlVlyGVtvuVl-sNEImNVbWy0ySLPY39ba,2017-01-12 17:21:09.000000,6,UCWJ2lWNubArHWmf3FIHbfcQ,NBA,2019-12-29 16:07:32.629938
NBA Global Games Mexico,PLlVlyGVtvuVmxeRbdf6_tZjm2baEdQSwv,2017-01-12 17:20:12.000000,1,UCWJ2lWNubArHWmf3FIHbfcQ,NBA,2019-12-29 16:07:32.629993
Best of The Year 2016,PLlVlyGVtvuVnXMnbJ_IdDGcTkIV6y-mwR,2016-12-31 15:10:13.000000,9,UCWJ2lWNubArHWmf3FIHbfcQ,NBA,2019-12-29 16:07:32.630048
CLE @ GSW 8pm ET on TNT!,PLlVlyGVtvuVm57-xQvP8ow2BpLAAHH32O,2016-12-23 17:13:12.000000,13,UCWJ2lWNubArHWmf3FIHbfcQ,NBA,2019-12-29 16:07:32.630103
Mini-Mix: 2016-2017 Season Highlights,PLlVlyGVtvuVkwf5qtYaNuNrFs-vP-Mz9B,2016-12-15 03:43:53.000000,36,UCWJ2lWNubArHWmf3FIHbfcQ,NBA,2019-12-29 16:07:32.630162
2016-2017 Season: Best Of The Month,PLlVlyGVtvuVn23X3HPKgQqb8_Br-HSCPG,2016-12-01 21:41:11.000000,24,UCWJ2lWNubArHWmf3FIHbfcQ,NBA,2019-12-29 16:07:32.630216
#TIWWP This is Why We Play 2017,PLlVlyGVtvuVlLtmL-C06NMlFjGCcntO-O,2016-11-07 00:35:48.000000,10,UCWJ2lWNubArHWmf3FIHbfcQ,NBA,2019-12-29 16:07:32.630271
@NBAHISTORY,PLlVlyGVtvuVnJTERAY3YW_GOIQBM9E7UW,2016-11-03 14:06:48.000000,11,UCWJ2lWNubArHWmf3FIHbfcQ,NBA,2019-12-29 16:07:32.630326
Tissot Buzzer Beaters,PLlVlyGVtvuVmbI6pVhVC47huQdIA_1mec,2016-11-01 01:37:58.000000,17,UCWJ2lWNubArHWmf3FIHbfcQ,NBA,2019-12-29 16:07:32.630379
2016-17 Top 10s of the Week,PLlVlyGVtvuVkuEHajpcrCYqRmaENlBqTH,2016-10-31 14:18:23.000000,30,UCWJ2lWNubArHWmf3FIHbfcQ,NBA,2019-12-29 16:07:32.630434
2016-2017 NBA Season Full Highlights,PLlVlyGVtvuVkQictxrOHRFlIcf5H9z1wR,2016-10-26 12:02:42.000000,5,UCWJ2lWNubArHWmf3FIHbfcQ,NBA,2019-12-29 16:07:32.630489
2016-17 Top Plays of the Night,PLlVlyGVtvuVnAx-u38QOieyVIrMEmzuDx,2016-10-26 07:47:11.000000,276,UCWJ2lWNubArHWmf3FIHbfcQ,NBA,2019-12-29 16:07:32.630544
2016 Preseason Top Plays of the Night,PLlVlyGVtvuVmyWoH4xEB-HRUyYQJt9xVc,2016-10-08 02:14:34.000000,19,UCWJ2lWNubArHWmf3FIHbfcQ,NBA,2019-12-29 16:07:32.630599
All About Tim Duncan,PLlVlyGVtvuVmnXabxORvJCQqV2MMA1Sb0,2016-07-21 13:02:26.000000,20,UCWJ2lWNubArHWmf3FIHbfcQ,NBA,2019-12-29 16:07:32.630653
2016 Summer League,PLlVlyGVtvuVkT0dPywYhCmpGHr0chrCnd,2016-07-02 16:50:58.000000,51,UCWJ2lWNubArHWmf3FIHbfcQ,NBA,2019-12-29 16:07:32.630707
"NBA Vault: The 1996 NBA Draft (Kobe, Nash, Iverson and more..)",PLlVlyGVtvuVm_t16er97uIAb0GZKZ9jNM,2016-06-29 17:55:46.000000,21,UCWJ2lWNubArHWmf3FIHbfcQ,NBA,2019-12-29 16:07:32.630760
2016 NBA Draft,PLlVlyGVtvuVnNvb6t7cKVuohZbHIP5PQ5,2016-06-21 14:03:51.000000,18,UCWJ2lWNubArHWmf3FIHbfcQ,NBA,2019-12-29 16:07:32.630814
Best of 2016 NBA Finals,PLlVlyGVtvuVlUiipHh01N38HdMfDEtJEE,2016-06-07 17:45:30.000000,33,UCWJ2lWNubArHWmf3FIHbfcQ,NBA,2019-12-29 16:07:32.630869
Player Top 10's of the 2015-16 Season,PLlVlyGVtvuVlM1a-BVilY4pSEfrtTQi0K,2016-05-01 00:18:39.000000,17,UCWJ2lWNubArHWmf3FIHbfcQ,NBA,2019-12-29 16:07:32.630923
This Is Why We Play #TIWWP in the 2016 Finals,PLlVlyGVtvuVkGWK_nad9P5y-ay7vGFOtK,2016-04-26 23:33:10.000000,7,UCWJ2lWNubArHWmf3FIHbfcQ,NBA,2019-12-29 16:07:32.630977
Top 10s of the 2015-2016 NBA Season,PLlVlyGVtvuVmCCx0kRDLTsNyHTS1W9ZpB,2016-04-25 20:07:52.000000,26,UCWJ2lWNubArHWmf3FIHbfcQ,NBA,2019-12-29 16:07:32.631033
The Golden State Warriors' Quest For History Tonight on ESPN @ 10:30 ET,PLlVlyGVtvuVnb5F3F2kGMZQNtWcsmlJBq,2016-04-13 11:57:02.000000,13,UCWJ2lWNubArHWmf3FIHbfcQ,NBA,2019-12-29 16:07:32.631087
Tune In To The Warriors vs The Grizzlies Saturday @ 8pm ET on ESPN,PLlVlyGVtvuVkbBISGzVMcDfPUC76SXnuh,2016-04-07 15:06:14.000000,10,UCWJ2lWNubArHWmf3FIHbfcQ,NBA,2019-12-29 16:07:32.631141
Naismith Memorial Basketball Hall of Fame Class of 2016,PLlVlyGVtvuVnv7ZNUaCKS_BHDXTg_lJcc,2016-04-04 15:31:55.000000,29,UCWJ2lWNubArHWmf3FIHbfcQ,NBA,2019-12-29 16:07:32.631195
NBA Leaning In #LeanIn,PLlVlyGVtvuVmIBcJi36fK5_QtAsLOYWXE,2016-03-24 13:46:55.000000,5,UCWJ2lWNubArHWmf3FIHbfcQ,NBA,2019-12-29 16:07:32.631250
This is Why We Play #TIWWP,PLlVlyGVtvuVmUAuLjIwKOoI8lmdjjrwJu,2016-03-01 18:30:58.000000,12,UCWJ2lWNubArHWmf3FIHbfcQ,NBA,2019-12-29 16:07:32.631304
2016 NBA All-Star Weekend,PLlVlyGVtvuVnlcqKGQ9tAmea8Hoq1EggH,2016-02-14 18:59:27.000000,41,UCWJ2lWNubArHWmf3FIHbfcQ,NBA,2019-12-29 16:07:32.631358
2016 All-Star Weekend Must See Videos!,PLlVlyGVtvuVmdvkt91nlBS9HsbLzOIDMn,2016-02-11 22:44:55.000000,71,UCWJ2lWNubArHWmf3FIHbfcQ,NBA,2019-12-29 16:07:32.631413
2016 All-Star Top 10's,PLlVlyGVtvuVkD-LSjhbIgFuIJzXcIBLXA,2016-01-22 01:26:30.000000,24,UCWJ2lWNubArHWmf3FIHbfcQ,NBA,2019-12-29 16:07:32.631468
Top 10's of 2015,PLlVlyGVtvuVloD_FNzOLrAmDh_r3qnM-k,2015-12-30 15:00:28.000000,17,UCWJ2lWNubArHWmf3FIHbfcQ,NBA,2019-12-29 16:07:32.631522
Taco Bell #LiveMasHYSTERIA,PLlVlyGVtvuVljcssEciJ9ufw2zdzlJKn8,2015-12-29 06:40:18.000000,31,UCWJ2lWNubArHWmf3FIHbfcQ,NBA,2019-12-29 16:07:32.631577
NBA's Best of Christmas,PLlVlyGVtvuVla_Yp_-Z3nYh55QR0XKNJw,2015-12-22 15:55:44.000000,30,UCWJ2lWNubArHWmf3FIHbfcQ,NBA,2019-12-29 16:07:33.792223
Christmas Day Games: 2015 Edition,PLlVlyGVtvuVngRqP8BcNzHSOVv8WzYT-P,2015-12-20 15:10:29.000000,17,UCWJ2lWNubArHWmf3FIHbfcQ,NBA,2019-12-29 16:07:33.792304
2015-16 Top 10s of the Week,PLlVlyGVtvuVkO2UhE8VWy0YRaBNXMXJ5P,2015-12-16 05:41:51.000000,60,UCWJ2lWNubArHWmf3FIHbfcQ,NBA,2019-12-29 16:07:33.792391
Kobe Bryant - #KB20,PLlVlyGVtvuVmRYbOgSW-QB2Nwl15Lozov,2015-12-15 23:40:43.000000,73,UCWJ2lWNubArHWmf3FIHbfcQ,NBA,2019-12-29 16:07:33.792448
Best of Phantom: 2015-2016 Season,PLlVlyGVtvuVk4e06chnaOhZsZF36kAXZP,2015-12-11 14:29:01.000000,29,UCWJ2lWNubArHWmf3FIHbfcQ,NBA,2019-12-29 16:07:33.792501
Top 10 State Farm Assists of the Week,PLlVlyGVtvuVlI3IjSQevDn3RzaO5QH-t0,2015-12-09 19:43:06.000000,39,UCWJ2lWNubArHWmf3FIHbfcQ,NBA,2019-12-29 16:07:33.792554
2015-16 Top 10s of the Month,PLlVlyGVtvuVkVEB2zwtqQoySfaNKzb42V,2015-12-02 22:40:24.000000,14,UCWJ2lWNubArHWmf3FIHbfcQ,NBA,2019-12-29 16:07:33.792606
Best of JrNBA,PLlVlyGVtvuVkF7bleMe7dBOed7MVHd5ir,2015-10-19 14:19:25.000000,5,UCWJ2lWNubArHWmf3FIHbfcQ,NBA,2019-12-29 16:07:33.792660
NBA Rooks Class of 2015,PLlVlyGVtvuVlfpd7Z1Pr_0_kOhqSHtise,2015-10-13 00:00:31.000000,16,UCWJ2lWNubArHWmf3FIHbfcQ,NBA,2019-12-29 16:07:33.792712
Hall of Fame Class of 2015,PLlVlyGVtvuVlWTeRk3TcKEJ4MwvJb6DRK,2015-09-08 14:54:10.000000,22,UCWJ2lWNubArHWmf3FIHbfcQ,NBA,2019-12-29 16:07:33.792763
NBA Mixtape Highlights,PLlVlyGVtvuVks3bo43uTjqMiKc9t9IXaq,2015-08-31 12:46:29.000000,42,UCWJ2lWNubArHWmf3FIHbfcQ,NBA,2019-12-29 16:07:33.792814
2015 NBA Summer League,PLlVlyGVtvuVmxobECirdttdVT7JV97JpR,2015-07-05 15:59:41.000000,65,UCWJ2lWNubArHWmf3FIHbfcQ,NBA,2019-12-29 16:07:33.792866
NBA Players in China Summer 2015,PLlVlyGVtvuVnr3tT6z4qYYmaEIWhPAhfA,2015-07-03 16:12:35.000000,3,UCWJ2lWNubArHWmf3FIHbfcQ,NBA,2019-12-29 16:07:33.792917
Team Top 10s 2014-2015 Season,PLlVlyGVtvuVlbRPTjrnY5EIX_1DANCuMl,2015-07-03 16:06:31.000000,30,UCWJ2lWNubArHWmf3FIHbfcQ,NBA,2019-12-29 16:07:33.792968
2015 NBA Draft,PLlVlyGVtvuVn5-fzqDFiICLmsi1Ymnejp,2015-06-24 18:28:52.000000,25,UCWJ2lWNubArHWmf3FIHbfcQ,NBA,2019-12-29 16:07:33.793019
Must See NBA FINALS Videos,PLlVlyGVtvuVmI-MXBmWblovByIIFQE7h5,2015-05-31 13:42:11.000000,95,UCWJ2lWNubArHWmf3FIHbfcQ,NBA,2019-12-29 16:07:33.793069
Sprite Presents Drive on the Court,PLlVlyGVtvuVnjBR3S2nDxrUgmObykjNwm,2015-05-29 16:03:52.000000,10,UCWJ2lWNubArHWmf3FIHbfcQ,NBA,2019-12-29 16:07:33.793120
Sim Bhullar Visits India,PLlVlyGVtvuVmSD-28YPDFfFaZsh7JPkrQ,2015-05-12 19:19:13.000000,4,UCWJ2lWNubArHWmf3FIHbfcQ,NBA,2019-12-29 16:07:33.793170
Best of 2015 NBA Finals + Playoffs,PLlVlyGVtvuVmFhdwPyym3d6-n8_T_4A_J,2015-04-18 14:43:19.000000,282,UCWJ2lWNubArHWmf3FIHbfcQ,NBA,2019-12-29 16:07:33.793220
Top 10's of the 2014-15 NBA Season,PLlVlyGVtvuVk5lr-Qp3kb7f2hFskxhUEM,2015-04-18 14:27:27.000000,27,UCWJ2lWNubArHWmf3FIHbfcQ,NBA,2019-12-29 16:07:33.793270
Houston Rockets vs Washington Wizards on ABC at 12:30ET!!!,PLlVlyGVtvuVlhI_bDPj89AXFjPXZduATj,2015-03-29 12:51:51.000000,8,UCWJ2lWNubArHWmf3FIHbfcQ,NBA,2019-12-29 16:07:33.793321
The Dance Never Ends,PLlVlyGVtvuVkdRYKL_4GPX4Mbm5awD2gm,2015-03-23 14:56:17.000000,10,UCWJ2lWNubArHWmf3FIHbfcQ,NBA,2019-12-29 16:07:33.793371
"Atlanta Hawks vs Golden State Warriors, 10:30pm ET ESPN",PLlVlyGVtvuVny6aB6dHhAv9OeAmOnwjsh,2015-03-18 18:01:51.000000,8,UCWJ2lWNubArHWmf3FIHbfcQ,NBA,2019-12-29 16:07:33.793421
2015 All Star Weekend Must See Videos!,PLlVlyGVtvuVm5gP4c3kRieQ0apZsbBLsu,2015-02-14 07:12:33.000000,46,UCWJ2lWNubArHWmf3FIHbfcQ,NBA,2019-12-29 16:07:33.793471
All Star in Slow Motion,PLlVlyGVtvuVlwgQwSrPiE9YdcUhR0WceY,2015-02-13 19:46:16.000000,33,UCWJ2lWNubArHWmf3FIHbfcQ,NBA,2019-12-29 16:07:33.793521
All-Star Mini-Movies,PLlVlyGVtvuVm4FMvGKwe_Q8hyTvv7uqt7,2015-02-13 19:40:20.000000,15,UCWJ2lWNubArHWmf3FIHbfcQ,NBA,2019-12-29 16:07:33.793571
THE CITY GAME,PLlVlyGVtvuVlfQle10FcswN1dg0DFfFy0,2015-02-11 19:22:22.000000,7,UCWJ2lWNubArHWmf3FIHbfcQ,NBA,2019-12-29 16:07:33.793620
SPURS HEAD COACH GREGG POPOVICH GETS 1000th WIN!,PLlVlyGVtvuVnLg0PWs6io8hTXR3Ap_WaQ,2015-02-10 01:28:51.000000,14,UCWJ2lWNubArHWmf3FIHbfcQ,NBA,2019-12-29 16:07:33.793670
2015 All-Star Top 10s,PLlVlyGVtvuVl5SPW90HB95PMiHuoAsDEx,2015-01-23 04:44:15.000000,26,UCWJ2lWNubArHWmf3FIHbfcQ,NBA,2019-12-29 16:07:33.793720
Top 10s of 2014,PLlVlyGVtvuVmu4tkQ0AjnYSVZu_dxpYU4,2014-12-30 04:29:57.000000,12,UCWJ2lWNubArHWmf3FIHbfcQ,NBA,2019-12-29 16:07:33.793769
KOBE BRYANT PASSES MICHAEL JORDAN FOR 3RD ON THE ALL-TIME SCORING LIST!,PLlVlyGVtvuVn7Diz-ks9j1j_0-QtVmOn1,2014-12-15 00:51:13.000000,11,UCWJ2lWNubArHWmf3FIHbfcQ,NBA,2019-12-29 16:07:33.793819
Michael Jordan's Ultimate Playlist,PLlVlyGVtvuVkgpn2zO4JA4tMd5PIZjgOv,2014-12-10 21:36:45.000000,37,UCWJ2lWNubArHWmf3FIHbfcQ,NBA,2019-12-29 16:07:33.793869
Best of the Month,PLlVlyGVtvuVm9-fXWIBhI3adx2QS52ezN,2014-12-01 15:16:39.000000,28,UCWJ2lWNubArHWmf3FIHbfcQ,NBA,2019-12-29 16:07:33.793919
The New NBA Swingman Jersey,PLlVlyGVtvuVldPqEJrLQh_pxG7AGI8zj3,2014-11-26 21:47:19.000000,4,UCWJ2lWNubArHWmf3FIHbfcQ,NBA,2019-12-29 16:07:33.793969
Posterizing Dunks!,PLlVlyGVtvuVkoBen0r_l_qT98EO47O3Bg,2014-11-06 08:58:22.000000,26,UCWJ2lWNubArHWmf3FIHbfcQ,NBA,2019-12-29 16:07:33.794018
American Express Homecourt Advantage,PLlVlyGVtvuVnLX467iLo8Cn3Bod5IUmRe,2014-11-03 22:52:07.000000,39,UCWJ2lWNubArHWmf3FIHbfcQ,NBA,2019-12-29 16:07:33.794067
2014-2015 Opening Week,PLlVlyGVtvuVmMwPWZdnETFnXgxuqCvihP,2014-10-29 01:16:09.000000,57,UCWJ2lWNubArHWmf3FIHbfcQ,NBA,2019-12-29 16:07:33.794116
Champions Day: San Antonio Spurs - Champions Revealed,PLlVlyGVtvuVmgqMhGYmfxiybBRBgr8D6N,2014-10-27 02:25:29.000000,13,UCWJ2lWNubArHWmf3FIHbfcQ,NBA,2019-12-29 16:07:33.794165
Champions Day: Top 10's from the San Antonio Spurs,PLlVlyGVtvuVkSIzygBsUN810srimd9V2x,2014-10-27 01:46:16.000000,11,UCWJ2lWNubArHWmf3FIHbfcQ,NBA,2019-12-29 16:07:33.794214
Champions Day: Best of Phantom from the San Antonio Spurs,PLlVlyGVtvuVmf5qRspDIoNUkWZdV_AFme,2014-10-27 01:36:42.000000,13,UCWJ2lWNubArHWmf3FIHbfcQ,NBA,2019-12-29 16:07:33.794264
Champions Day: All-Access with the San Antonio Spurs,PLlVlyGVtvuVkwlXdjx7AInYsyYSF2zoEa,2014-10-27 01:14:58.000000,18,UCWJ2lWNubArHWmf3FIHbfcQ,NBA,2019-12-29 16:07:33.794314
League Pass Look-Backs: 20 Years of League Pass!,PLlVlyGVtvuVkkJAl_nghUrtqvQKh1lIU4,2014-10-26 00:51:20.000000,31,UCWJ2lWNubArHWmf3FIHbfcQ,NBA,2019-12-29 16:07:33.794363
Taco Bell Buzzer Beaters,PLlVlyGVtvuVlW8rsGD-FJMebDJ-W0iF4m,2014-10-17 03:08:39.000000,23,UCWJ2lWNubArHWmf3FIHbfcQ,NBA,2019-12-29 16:07:33.794413
The Starters,PLlVlyGVtvuVlBMorPS3sGR4CM6lQ2F5dq,2014-10-15 22:04:35.000000,1466,UCWJ2lWNubArHWmf3FIHbfcQ,NBA,2019-12-29 16:07:33.794461
2014-15 NBA Season Previews,PLlVlyGVtvuVmMMeQKVrZOAg9MPURAUUlO,2014-10-15 08:16:49.000000,30,UCWJ2lWNubArHWmf3FIHbfcQ,NBA,2019-12-29 16:07:33.794510
Hang Time Road Trip,PLlVlyGVtvuVm3DuDAIaO81GmousyaoNCk,2014-10-13 23:12:35.000000,10,UCWJ2lWNubArHWmf3FIHbfcQ,NBA,2019-12-29 16:07:33.794559
2014 NBA Global Games,PLlVlyGVtvuVlnLqeObWzRzuXfblrrUS_Y,2014-10-08 21:42:15.000000,47,UCWJ2lWNubArHWmf3FIHbfcQ,NBA,2019-12-29 16:07:33.794609
2014-15 Pre-Season,PLlVlyGVtvuVng6eN7PtC33pyjIs1RJIpJ,2014-10-01 12:00:50.000000,114,UCWJ2lWNubArHWmf3FIHbfcQ,NBA,2019-12-29 16:07:33.794658
Team Top 10s of 2013-14 Season,PLlVlyGVtvuVlWsroGDiU2GTCmC_rlF4wZ,2014-08-11 16:22:12.000000,29,UCWJ2lWNubArHWmf3FIHbfcQ,NBA,2019-12-29 16:07:33.794707
Hall of Fame Class of 2014,PLlVlyGVtvuVn77FBLdrVitENHKk15e5tO,2014-08-04 20:18:48.000000,22,UCWJ2lWNubArHWmf3FIHbfcQ,NBA,2019-12-29 16:07:33.794758
2014 Men's USAB Training Camp,PLlVlyGVtvuVnpyvHBvGyg1p8MonnKL34-,2014-07-29 15:37:27.000000,41,UCWJ2lWNubArHWmf3FIHbfcQ,NBA,2019-12-29 16:07:35.017474
NBA Nation,PLlVlyGVtvuVkyO65PeVEks2nubsYZk73x,2014-07-10 14:43:30.000000,8,UCWJ2lWNubArHWmf3FIHbfcQ,NBA,2019-12-29 16:07:35.017564
2014 NBA Summer League,PLlVlyGVtvuVmnSIoVaVMx_7KGFypiVmcO,2014-07-07 01:41:16.000000,173,UCWJ2lWNubArHWmf3FIHbfcQ,NBA,2019-12-29 16:07:35.017632
2014 NBA Draft Crash - Google Hangouts,PLlVlyGVtvuVnJ6dfmV_rx2g8Uc05pWSC-,2014-06-27 04:29:57.000000,6,UCWJ2lWNubArHWmf3FIHbfcQ,NBA,2019-12-29 16:07:35.017692
2014 NBA Rooks,PLlVlyGVtvuVkA_Z7_vgAawpSLRvUb0aVn,2014-06-23 16:00:10.000000,67,UCWJ2lWNubArHWmf3FIHbfcQ,NBA,2019-12-29 16:07:35.017751
The 1984 NBA Draft,PLlVlyGVtvuVnAg43cejh4HGzap_MPRNhV,2014-06-07 01:14:35.000000,73,UCWJ2lWNubArHWmf3FIHbfcQ,NBA,2019-12-29 16:07:35.017808
Must See 2014 NBA Finals Videos,PLlVlyGVtvuVkgYAk5-4HabqwNp7WZu7QZ,2014-06-05 16:18:36.000000,32,UCWJ2lWNubArHWmf3FIHbfcQ,NBA,2019-12-29 16:07:35.017865
2014 NBA Finals,PLlVlyGVtvuVkcrEODzRcmOjzQk5gQAaE6,2014-06-04 20:31:28.000000,35,UCWJ2lWNubArHWmf3FIHbfcQ,NBA,2019-12-29 16:07:35.017920
NBA All-Access,PLlVlyGVtvuVlzDWbR0rXf1YnpJ9JL74FV,2014-05-04 07:20:33.000000,339,UCWJ2lWNubArHWmf3FIHbfcQ,NBA,2019-12-29 16:07:35.017976
Top 10s of the 2013-2014 Season,PLlVlyGVtvuVk8FpYaubRy3HVGa-K0oW--,2014-04-17 01:22:06.000000,36,UCWJ2lWNubArHWmf3FIHbfcQ,NBA,2019-12-29 16:07:35.018031
2013-2014 Taco Bell Buzzer Beaters,PLlVlyGVtvuVk_MiL6BbFCu0xxwbOB9Bw0,2014-04-15 18:46:19.000000,16,UCWJ2lWNubArHWmf3FIHbfcQ,NBA,2019-12-29 16:07:35.018086
USAB Instructional Videos,PLlVlyGVtvuVlE7-rrR3Wac7KQreLAKWW-,2014-03-27 18:31:26.000000,7,UCWJ2lWNubArHWmf3FIHbfcQ,NBA,2019-12-29 16:07:35.018142
Top 10 NBA Reign On Plays of the Week pres. by Crown Royal,PLlVlyGVtvuVnI3kSrm-sEbtCgPq8-LkzV,2014-03-03 16:07:58.000000,12,UCWJ2lWNubArHWmf3FIHbfcQ,NBA,2019-12-29 16:07:35.018198
2014 All Star Weekend in New Orleans,PLlVlyGVtvuVlDXAKdub43GaiupzM6Vwg0,2014-02-15 17:13:44.000000,33,UCWJ2lWNubArHWmf3FIHbfcQ,NBA,2019-12-29 16:07:35.018255
All Star Historical Top 10's,PLlVlyGVtvuVl8vU5qUjZ-x9v7j_HH0nK4,2014-02-12 01:45:05.000000,8,UCWJ2lWNubArHWmf3FIHbfcQ,NBA,2019-12-29 16:07:35.018311
2014 Sprite Slam Dunk Contest,PLlVlyGVtvuVl5ys6ofPSU6dyYNnH-8y-u,2014-02-08 00:30:21.000000,20,UCWJ2lWNubArHWmf3FIHbfcQ,NBA,2019-12-29 16:07:35.018366
2014 All-Stars Top 10,PLlVlyGVtvuVndAE4CuLRyxPQ-iplSFsBD,2014-01-24 05:49:03.000000,24,UCWJ2lWNubArHWmf3FIHbfcQ,NBA,2019-12-29 16:07:35.018421
Best of Phantom 2014,PLlVlyGVtvuVlnH9_-1WYKOlRZmzCA7NGf,2014-01-02 15:02:19.000000,24,UCWJ2lWNubArHWmf3FIHbfcQ,NBA,2019-12-29 16:07:35.018477
Top 10s of 2013,PLlVlyGVtvuVnC_IwjVDFquxnmj_nQ1Ba8,2013-12-26 08:33:26.000000,20,UCWJ2lWNubArHWmf3FIHbfcQ,NBA,2019-12-29 16:07:35.018532
The Best of Christmas Day,PLlVlyGVtvuVm9GTUwPW3GIkG4SO5cy2vd,2013-12-25 18:23:03.000000,23,UCWJ2lWNubArHWmf3FIHbfcQ,NBA,2019-12-29 16:07:35.018588
Live D-League Games,PLlVlyGVtvuVnma8ZykpxuVZrIwhLrniCK,2013-11-22 23:50:43.000000,186,UCWJ2lWNubArHWmf3FIHbfcQ,NBA,2019-12-29 16:07:35.018644
2013-2014 Game-Winners!,PLlVlyGVtvuVn3r7RR52mXPfVEuUu3A_sM,2013-11-08 06:44:35.000000,41,UCWJ2lWNubArHWmf3FIHbfcQ,NBA,2019-12-29 16:07:35.018737
2013-2014 Ankle-Breakers,PLlVlyGVtvuVlXb4mqt6VfnCop4eALOWPi,2013-11-08 03:07:24.000000,45,UCWJ2lWNubArHWmf3FIHbfcQ,NBA,2019-12-29 16:07:35.018793
2013-2014 Posterizing Dunks,PLlVlyGVtvuVn75seWiIWpu9zr7InNxlQj,2013-11-08 03:02:57.000000,79,UCWJ2lWNubArHWmf3FIHbfcQ,NBA,2019-12-29 16:07:35.018849
NBA Rooks - Class of 2013,PLlVlyGVtvuVmhbPWiGEELaUm4uKKJmu4G,2013-10-16 23:29:36.000000,26,UCWJ2lWNubArHWmf3FIHbfcQ,NBA,2019-12-29 16:07:35.018906
2013 NBA Global Games,PLlVlyGVtvuVllfRnY_BpZd4rIhqqMizar,2013-10-15 18:11:21.000000,51,UCWJ2lWNubArHWmf3FIHbfcQ,NBA,2019-12-29 16:07:35.018962
The Ultimate Kobe Bryant Playlist,PLlVlyGVtvuVlOk5X6ejvIWZ4Y1CMTrEu6,2013-08-23 13:01:30.000000,66,UCWJ2lWNubArHWmf3FIHbfcQ,NBA,2019-12-29 16:07:35.019017
2013 Team Top 10's,PLlVlyGVtvuVkNq8vQijFdF__4zKEyGmAD,2013-08-12 21:22:14.000000,26,UCWJ2lWNubArHWmf3FIHbfcQ,NBA,2019-12-29 16:07:35.019073
2013 USAB Mini-Camp,PLlVlyGVtvuVnwdaoRt03KYl3PW7SUJxf3,2013-07-24 19:47:46.000000,28,UCWJ2lWNubArHWmf3FIHbfcQ,NBA,2019-12-29 16:07:35.019128
2013 Sprite Slam Dunk Showdown,PLlVlyGVtvuVkAwK-XaIyH1vmfmfE_jyIk,2013-07-19 19:24:18.000000,9,UCWJ2lWNubArHWmf3FIHbfcQ,NBA,2019-12-29 16:07:35.019183
Best NBA Bloopers,PLlVlyGVtvuVnL45wR5PGrDYL5hovQo-Gr,2013-07-18 15:57:46.000000,63,UCWJ2lWNubArHWmf3FIHbfcQ,NBA,2019-12-29 16:07:35.019238
Best of NBA All-Star,PLlVlyGVtvuVmGhNTbhwP2cHRwSAJ155ZJ,2013-07-17 20:19:39.000000,53,UCWJ2lWNubArHWmf3FIHbfcQ,NBA,2019-12-29 16:07:35.019292
2013 NBA Summer League,PLlVlyGVtvuVmobZ2vdg98ngMyNsIHkmIT,2013-07-09 15:22:01.000000,52,UCWJ2lWNubArHWmf3FIHbfcQ,NBA,2019-12-29 16:07:35.019347
2013 NBA Draft,PLlVlyGVtvuVlWr10FZbALq28umqxAHoAK,2013-06-26 22:22:53.000000,15,UCWJ2lWNubArHWmf3FIHbfcQ,NBA,2019-12-29 16:07:35.019403
2013 NBA Finals Micro-Movies,PLlVlyGVtvuVlNKDhW9ImRUIXqe4g8s6NB,2013-06-15 18:55:08.000000,7,UCWJ2lWNubArHWmf3FIHbfcQ,NBA,2019-12-29 16:07:35.019459
Best from the 2013 NBA Finals,PLlVlyGVtvuVl7nuDg2U7w09s22tTS69wU,2013-06-05 22:39:42.000000,59,UCWJ2lWNubArHWmf3FIHbfcQ,NBA,2019-12-29 16:07:35.019514
2013 NBA Draft Combine,PLlVlyGVtvuVk65KV6eEVjmQ3x3o_yKnAS,2013-05-16 23:42:32.000000,13,UCWJ2lWNubArHWmf3FIHbfcQ,NBA,2019-12-29 16:07:35.019570
2013 NBA Playoffs,PLlVlyGVtvuVnXbMp666BIkZy8EhoQ5i37,2013-04-25 21:39:25.000000,80,UCWJ2lWNubArHWmf3FIHbfcQ,NBA,2019-12-29 16:07:35.019625
NBA Top 10's of  the 2012-13 Season,PLlVlyGVtvuVkPrsrnF3wqOTD3iU1xrdMG,2013-04-19 15:31:33.000000,29,UCWJ2lWNubArHWmf3FIHbfcQ,NBA,2019-12-29 16:07:35.019680
NBA Superstars Best of Phantom 2013,PLlVlyGVtvuVmmUoX96vprGZBjly9B04Z_,2013-04-13 02:54:00.000000,13,UCWJ2lWNubArHWmf3FIHbfcQ,NBA,2019-12-29 16:07:35.019735
Michael Jordan at 50,PLlVlyGVtvuVkxjYQNTeBPKELfXePJ5Umo,2013-02-17 10:21:56.000000,10,UCWJ2lWNubArHWmf3FIHbfcQ,NBA,2019-12-29 16:07:35.019790
2013 All Star,PLlVlyGVtvuVkypSSPAgiSZUdzutj92hyG,2013-02-16 07:54:23.000000,34,UCWJ2lWNubArHWmf3FIHbfcQ,NBA,2019-12-29 16:07:35.019844
Career Top 10's,PLlVlyGVtvuVmZEMZBPdM61wry1SV040h7,2013-02-12 17:41:12.000000,61,UCWJ2lWNubArHWmf3FIHbfcQ,NBA,2019-12-29 16:07:35.019899
2013 Sprite Slam Dunk,PLlVlyGVtvuVmRNRlLXC2yC11BeQHWSUGk,2013-02-08 03:04:38.000000,6,UCWJ2lWNubArHWmf3FIHbfcQ,NBA,2019-12-29 16:07:35.019955
2013 All-Star Reserves,PLlVlyGVtvuVk0ZxwOdmTZdSRRzHF6qcOX,2013-01-25 09:01:17.000000,14,UCWJ2lWNubArHWmf3FIHbfcQ,NBA,2019-12-29 16:07:35.020010
NBA Superstar Duels!,PLlVlyGVtvuVlmLYhgXucsk2IX1mZA9c2R,2013-01-23 09:58:13.000000,24,UCWJ2lWNubArHWmf3FIHbfcQ,NBA,2019-12-29 16:07:35.020065
2013 All-Star Starters,PLlVlyGVtvuVk1Wy1r5GEpCZGiqNR5RfWp,2013-01-18 23:39:04.000000,20,UCWJ2lWNubArHWmf3FIHbfcQ,NBA,2019-12-29 16:07:35.020120
Best of the NBA D-League,PLlVlyGVtvuVl38WvynGMiK4H4KQmpQRlg,2013-01-10 20:01:33.000000,24,UCWJ2lWNubArHWmf3FIHbfcQ,NBA,2019-12-29 16:07:35.020175
NBA Top 10s of 2012,PLlVlyGVtvuVnvW2S_1PvJBKVwhKmFxciS,2013-01-03 01:55:54.000000,14,UCWJ2lWNubArHWmf3FIHbfcQ,NBA,2019-12-29 16:07:35.020230
NBA Milestones,PLlVlyGVtvuVkRDKTbKgoowWNCxM_xgG83,2012-12-22 06:08:49.000000,71,UCWJ2lWNubArHWmf3FIHbfcQ,NBA,2019-12-29 16:07:35.020286
The Association: Brooklyn Nets,PLlVlyGVtvuVnXHusKbXruL88JUZsuqFem,2012-12-17 15:21:08.000000,12,UCWJ2lWNubArHWmf3FIHbfcQ,NBA,2019-12-29 16:07:35.772459
Celebrating 1 Billion!,PLlVlyGVtvuVlr8CUXc90fpU4TIhQq2iZW,2012-12-03 01:57:26.000000,25,UCWJ2lWNubArHWmf3FIHbfcQ,NBA,2019-12-29 16:07:35.772552
Upcoming Live NBA D-League Games,PLlVlyGVtvuVk2-uIrREa2s2eeSyK-xBfj,2012-11-27 16:38:09.000000,2,UCWJ2lWNubArHWmf3FIHbfcQ,NBA,2019-12-29 16:07:35.772621
Best Ankle-Breakers from the 2012-2013 Season!,PLlVlyGVtvuVnzmpPiU_X1tq59ZLFhpY7v,2012-11-21 03:50:34.000000,34,UCWJ2lWNubArHWmf3FIHbfcQ,NBA,2019-12-29 16:07:35.772682
Best Posterizing Dunks of the 2012-2013 Season!,PLlVlyGVtvuVmuof6c_y3jqbmw2vFX8y8j,2012-11-19 01:46:57.000000,70,UCWJ2lWNubArHWmf3FIHbfcQ,NBA,2019-12-29 16:07:35.772740
2012-13 Game-Winners!,PLlVlyGVtvuVntf5cFWu_MJl4T9ljZmWmh,2012-11-02 05:27:33.000000,54,UCWJ2lWNubArHWmf3FIHbfcQ,NBA,2019-12-29 16:07:35.772797
NBA Rooks,PLlVlyGVtvuVk9yrBhEoTvOryLkOoaBeII,2012-10-12 00:10:07.000000,65,UCWJ2lWNubArHWmf3FIHbfcQ,NBA,2019-12-29 16:07:35.772854
NBA's Best Videos from the 2014 Season,PLlVlyGVtvuVma1aFD1WxGfHcG9wj88-LH,2012-10-10 01:55:32.000000,28,UCWJ2lWNubArHWmf3FIHbfcQ,NBA,2019-12-29 16:07:35.772910
Finals Favorites,PL1CDC60C12D965676,2012-06-19 22:23:42.000000,22,UCWJ2lWNubArHWmf3FIHbfcQ,NBA,2019-12-29 16:07:35.773026
NBA Finals BIG,PL63DD60EBBCE23955,2012-06-18 19:02:15.000000,2,UCWJ2lWNubArHWmf3FIHbfcQ,NBA,2019-12-29 16:07:35.773092
Player Profiles,PLFA0F0ABA658A88D0,2012-06-01 15:11:02.000000,14,UCWJ2lWNubArHWmf3FIHbfcQ,NBA,2019-12-29 16:07:35.773149
2012 NBA Mini-Movies,PLE359A9DF058D30BB,2012-05-15 22:44:07.000000,14,UCWJ2lWNubArHWmf3FIHbfcQ,NBA,2019-12-29 16:07:35.773205
NBA Top 10's of 2011-2012,PLB2F63866773CB519,2012-04-30 01:19:26.000000,60,UCWJ2lWNubArHWmf3FIHbfcQ,NBA,2019-12-29 16:07:35.773260
2012 NBA Playoffs Favorites!,PL1B4128E356FFC77B,2012-04-29 14:14:32.000000,21,UCWJ2lWNubArHWmf3FIHbfcQ,NBA,2019-12-29 16:07:35.773316
Best of the 2012 NBA Season,PL305813458823CCB7,2012-03-05 15:59:04.000000,13,UCWJ2lWNubArHWmf3FIHbfcQ,NBA,2019-12-29 16:07:35.773372
Linsanity,PLFE2DA107751E8FAE,2012-02-23 03:27:43.000000,24,UCWJ2lWNubArHWmf3FIHbfcQ,NBA,2019-12-29 16:07:35.773428
Blake Griffin,PLBFE87F034F2FF4BE,2010-12-28 16:06:54.000000,47,UCWJ2lWNubArHWmf3FIHbfcQ,NBA,2019-12-29 16:07:35.773484
Top 10's,PL59FBCC36C158B6E9,2010-10-13 20:08:15.000000,115,UCWJ2lWNubArHWmf3FIHbfcQ,NBA,2019-12-29 16:07:35.773540
Sprite Slam Dunk Showdown,PL73C2371F9153D852,2009-07-01 17:30:31.000000,12,UCWJ2lWNubArHWmf3FIHbfcQ,NBA,2019-12-29 16:07:35.773596
NBA Trick Shots,PL21B7D5DFBB727A07,2009-04-08 19:33:48.000000,46,UCWJ2lWNubArHWmf3FIHbfcQ,NBA,2019-12-29 16:07:35.773651
Shaquille O'Neal,PL06215A196F4AA52F,2009-03-02 00:28:24.000000,21,UCWJ2lWNubArHWmf3FIHbfcQ,NBA,2019-12-29 16:07:35.773708
Dwyane Wade,PL5EBA005EC73B127D,2009-02-25 22:01:40.000000,15,UCWJ2lWNubArHWmf3FIHbfcQ,NBA,2019-12-29 16:07:35.773765
Dwight Howard,PLA9F59BE12604782D,2009-02-25 21:56:43.000000,26,UCWJ2lWNubArHWmf3FIHbfcQ,NBA,2019-12-29 16:07:35.773822
Kobe Bryant,PLA0E024EA60CA69F1,2009-02-25 21:49:23.000000,53,UCWJ2lWNubArHWmf3FIHbfcQ,NBA,2019-12-29 16:07:35.773878
LeBron James,PLFDB89198BBF4BE1F,2009-02-25 21:00:32.000000,61,UCWJ2lWNubArHWmf3FIHbfcQ,NBA,2019-12-29 16:07:35.773935
NBA Cares,PL0FE2838E538BCA9F,2009-02-25 17:52:31.000000,10,UCWJ2lWNubArHWmf3FIHbfcQ,NBA,2019-12-29 16:07:35.773990
Sprite Slam Dunk,PL4EA849417E2A5752,2008-12-19 18:33:35.000000,33,UCWJ2lWNubArHWmf3FIHbfcQ,NBA,2019-12-29 16:07:35.774047
